{
  "_runtime": 8989,
  "_step": 3,
  "_timestamp": 1771590595.9352524,
  "_wandb": {
    "runtime": 8989
  },
  "accuracy": 0.05333333333333334,
  "avg_cot_samples": 4.566666666666666,
  "avg_direct_samples": 5,
  "avg_tokens_per_question": 2073.6,
  "early_stop_rate": 0.94,
  "ground_truths": {
    "_type": "large-array",
    "value": [
      623,
      5,
      24,
      16,
      50,
      720,
      20,
      348,
      70000,
      22,
      35,
      20,
      16,
      17,
      36,
      140,
      14,
      48,
      15,
      25,
      280,
      13,
      24,
      4,
      18,
      7500,
      8000,
      25000,
      6,
      10,
      18,
      940,
      77,
      5,
      18,
      15,
      120,
      64,
      44,
      10,
      8,
      95,
      40,
      50,
      82,
      5,
      2125,
      60,
      3,
      150,
      12,
      600,
      104,
      225,
      880,
      7,
      91,
      6,
      1400,
      240,
      130,
      221,
      320,
      16,
      28,
      175,
      255,
      95200,
      14,
      5,
      36,
      40,
      9360,
      5,
      187,
      36,
      350,
      58,
      60,
      32,
      16,
      10,
      30,
      360,
      88,
      16,
      366,
      42,
      4000,
      1596,
      3,
      26,
      48,
      57500,
      23,
      40,
      5,
      16,
      8,
      60,
      18,
      10000,
      272,
      20,
      34,
      694,
      140,
      48,
      51,
      1430,
      83,
      92,
      8,
      120,
      125,
      17,
      28,
      29,
      80,
      230,
      20,
      25,
      23,
      109,
      57,
      9,
      100,
      30,
      260,
      26,
      15,
      70,
      2,
      200,
      45,
      7,
      6,
      50,
      300,
      800,
      25,
      20,
      160,
      60,
      400,
      10,
      75,
      12,
      24,
      6
    ]
  },
  "num_correct": 8,
  "num_total": 150,
  "predictions": {
    "_type": "large-array",
    "value": [
      550,
      15,
      48,
      120,
      35,
      1200,
      48,
      108,
      1500,
      18,
      7,
      10,
      8,
      34,
      600,
      300,
      5,
      55,
      5,
      35,
      1700,
      216,
      12,
      50,
      8,
      1000,
      88000,
      120,
      80,
      8,
      2,
      720,
      245,
      4,
      10,
      7,
      120,
      80,
      512,
      60,
      96,
      2,
      35,
      70,
      66,
      375,
      15,
      36,
      216,
      175,
      32,
      420,
      340,
      900,
      450,
      236,
      42,
      66,
      900,
      120,
      120,
      228,
      240,
      160,
      24,
      420,
      120,
      362000,
      46,
      175,
      19,
      120,
      12000,
      2,
      2320,
      48,
      3000,
      20,
      60,
      105,
      216,
      35,
      30,
      120,
      38,
      56,
      270,
      420,
      600,
      1440,
      10,
      4,
      38,
      2360,
      22,
      120,
      4,
      41,
      8,
      60,
      20,
      15000,
      216,
      20,
      600,
      260,
      1200,
      2,
      104,
      1440,
      216,
      520,
      2,
      210,
      0.1,
      24,
      30,
      27,
      225,
      2,
      400,
      1,
      18,
      7,
      52,
      14,
      1600,
      108,
      160,
      216,
      5,
      62,
      245,
      200,
      76,
      4,
      2,
      150,
      2,
      600,
      25,
      1,
      20,
      100,
      1600,
      5,
      1200,
      96,
      8,
      14
    ]
  },
  "skip_rate": 0.03333333333333333,
  "total_samples_per_question": 9.566666666666666
}